{
  "models": {
    "gpt-4": {
      "input": 0.03,
      "output": 0.06
    },
    "gpt-4-turbo": {
      "input": 0.01,
      "output": 0.03
    },
    "gpt-3.5-turbo": {
      "input": 0.0005,
      "output": 0.0015
    },
    "claude-3-opus-20240229": {
      "input": 0.015,
      "output": 0.075
    },
    "claude-3-sonnet-20240229": {
      "input": 0.003,
      "output": 0.015
    },
    "claude-3-haiku-20240307": {
      "input": 0.00025,
      "output": 0.00125
    },
    "gemini-pro": {
      "input": 0.00025,
      "output": 0.0005
    },
    "gemini-1.5-pro": {
      "input": 0.0035,
      "output": 0.0105
    },
    "gemini-1.5-flash": {
      "input": 0.000075,
      "output": 0.0003
    }
  }
}